timestamp,trial_id,task_type,query,condition_id,repeat_id,method_variant,relation_alignment_mode,insert_replay_anchor_mode,trajectory_transfer_mode,outcome,success,task_success,postcheck_success,failure_stage,failure_reason,failure_category,insert_failure_detail,retrieval_mode,retrieved_demo_id,language_score,geometry_score,target_shape,target_size_xyz,target_gt_model,target_gt_xyz,target_gt_world_xyz,initial_object_xyz,target_gt_frame,target_est_frame,target_error_z_m,target_error_xyz_m,target_est_xyz,target_error_xy_m,target_perception_error_xy_m,target_perception_error_xyz_m,target_perception_error_metric,target_perception_method,target_geometry_center_method,target_x,target_y,target_z,anchor_gt_xyz,anchor_est_xyz,anchor_error_xy_m,socket_gt_model,socket_gt_xyz,socket_gt_world_xyz,initial_socket_xyz,initial_anchor_xyz,socket_gt_frame,socket_est_frame,socket_est_xyz,socket_error_xy_m,socket_perception_error_xy_m,socket_perception_error_xyz_m,socket_perception_error_metric,socket_perception_method,socket_geometry_center_method,socket_error_z_m,socket_error_xyz_m,anchor_x,anchor_y,anchor_z,target_yaw_gt_deg,target_yaw_est_deg,yaw_error_deg,grasp_x,grasp_y,grasp_z,grasp_xyz,bottleneck_xyz,place_x,place_y,place_z,place_or_insert_xyz,cylinder_size,socket_size,socket_opening,place_offset_xyz,final_object_model_name,final_socket_model_name,final_object_xyz,final_socket_xyz,final_anchor_xyz,final_target_error_xy_m,final_relation_error_xy_m,max_insert_relation_error_xy_m,rim_contact_or_collision_flag,rim_contact_xy_threshold_m,insert_depth_m,postcheck_reason,replay_used,replay_type,release_index,grasp_replay_used,grasp_replay_path,mask_pixels,anchor_mask_pixels,pointcloud_points,anchor_pointcloud_points,icp_mean_error_m,icp_median_error_m,icp_p90_error_m,planning_success,execution_success,grasp_replay_attempted,grasp_replay_success,grasp_replay_stage,grasp_replay_failure_stage,insertion_replay_attempted,insertion_replay_success,insertion_replay_stage,insertion_replay_failure_stage,scripted_fallback_used,pure_replay_execution_success,pure_replay_success,failure_stage_detail,replay_failure_stage_detail,grasp_post_close_motion_max_m,grasp_post_close_motion_max_xy_m,grasp_post_close_motion_max_z_m,grasp_post_close_mode,grasp_post_close_dwell_s,manual_success_label,total_time_s,perception_time_s,retrieval_time_s,alignment_time_s,planning_time_s,robot_execution_time_s,execution_wall_time_s,planning_call_count,robot_execution_call_count,timing_source,execution_time_s,rollout_path,replay_path,scene_package_path,manual_wall_contact,manual_contact_note,manual_contact_timestamp
2026/8/15 4:45,insert_20260815_044431,cylinder_insert_socket,insert the green cylinder into the blue socket,socket_c_cyl_x08_y0.1,1,full,target_anchor,bottleneck,stage_replay,success,TRUE,TRUE,TRUE,,,,,explicit_demo_id,green_cylinder_insert_blue_socket,,,cylinder,"[0.045, 0.045, 0.1]",green_insert_cylinder,"[0.8001375787420032, 0.0999896746825691, """"]","[0.8001375787420032, 0.0999896746825691, 0.4999989152511734]","[0.8001375787420032, 0.0999896746825691, 0.4999989152511734]",gazebo_world_xy_only,base,,,"[0.7974699104616758, 0.0993256475859656, -0.432]",0.00274907,0.00274907,,xy_base_vs_gazebo_world_model_xy,dual_LangSAM_masks+PointCloud2+TF,base_pointcloud_percentile_box_center_xy,0.79746991,0.099325648,-0.432,,,,blue_insert_socket,"[0.7, 0.0, """"]","[0.7, 0.0, 0.45]","[0.7, 0.0, 0.45]","[0.7, 0.0, 0.45]",gazebo_world_xy_only,base,"[0.6999767294621589, 1.1145061912118413e-05, -0.432]",2.58E-05,2.58E-05,,xy_base_vs_gazebo_world_model_xy,dual_LangSAM_masks+PointCloud2+TF,base_pointcloud_top_band_circle_fit_xy,,,0.699976729,1.11E-05,-0.432,,,,0.79746991,0.099325648,-0.357,"[0.7974699104616758, 0.0993256475859656, -0.357]","[0.697585478667162, 0.0032228071628622444, -0.1469368289744335]",0.699976729,1.11E-05,-0.432,"[0.6999767294621589, 1.1145061912118413e-05, -0.432]","[0.045, 0.045, 0.1]","[0.085, 0.085, 0.1]","[0.055, 0.055]","[0.0, 0.0, 0.0]",green_insert_cylinder,blue_insert_socket,"[0.7024976868559952, -0.0038018418873786443, 0.4999999279883784]","[0.7, 0.0, 0.45]","[0.7, 0.0, 0.45]",0.004571006,0.004548895,0.148039515,TRUE,0.004,0.050000072,,TRUE,insertion_trajectory,75,TRUE,/home/wei/code/learning_thousand_tasks/demo_library/rollout_trajectories/insert_grasp_replay_input_insert_20260815_044431.json,514,1381,514,1381,,,,,TRUE,TRUE,TRUE,grasp_complete,,TRUE,TRUE,insertion_replay_complete,,FALSE,TRUE,TRUE,,,9.76E-05,9.48E-05,4.09E-05,dwell_only,1.001,,76.82210493,0.724281073,0.007081032,0.068460941,0.036879778,57.31178617,75.30740523,1,24,moveit_wrapper_v1,75.30740523,/home/wei/code/learning_thousand_tasks/demo_library/rollout_trajectories/rollout_insert_20260815_044431.json,/home/wei/code/learning_thousand_tasks/demo_library/rollout_trajectories/insert_replay_input_insert_20260815_044431.json,/home/wei/code/learning_thousand_tasks/demo_library/scene_packages/live_insert_trial_insert_20260815_044431_relation.json,,,
2026/8/15 22:30,insert_20260815_222911,cylinder_insert_socket,insert the green cylinder into the blue socket,socket_c_cyl_x08_y0.2,1,full,target_anchor,bottleneck,stage_replay,success,TRUE,TRUE,TRUE,,,,,explicit_demo_id,green_cylinder_insert_blue_socket,,,cylinder,"[0.045, 0.045, 0.1]",green_insert_cylinder,"[0.80001376252264, 0.20002375236524167, """"]","[0.80001376252264, 0.20002375236524167, 0.5000008709918348]","[0.80001376252264, 0.20002375236524167, 0.5000008709918348]",gazebo_world_xy_only,base,,,"[0.7973894908974162, 0.19918464520275142, -0.432]",0.002755159,0.002755159,,xy_base_vs_gazebo_world_model_xy,dual_LangSAM_masks+PointCloud2+TF,base_pointcloud_percentile_box_center_xy,0.797389491,0.199184645,-0.432,,,,blue_insert_socket,"[0.7, 0.1, """"]","[0.7, 0.1, 0.45]","[0.7, 0.1, 0.45]","[0.7, 0.1, 0.45]",gazebo_world_xy_only,base,"[0.6999685777707899, 0.10000890247788119, -0.432]",3.27E-05,3.27E-05,,xy_base_vs_gazebo_world_model_xy,dual_LangSAM_masks+PointCloud2+TF,base_pointcloud_top_band_circle_fit_xy,,,0.699968578,0.100008902,-0.432,,,,0.797389491,0.199184645,-0.357,"[0.7973894908974162, 0.19918464520275142, -0.357]","[0.697585478667162, 0.0032228071628622444, -0.1469368289744335]",0.699968578,0.100008902,-0.432,"[0.6999685777707899, 0.10000890247788119, -0.432]","[0.045, 0.045, 0.1]","[0.085, 0.085, 0.1]","[0.055, 0.055]","[0.0, 0.0, 0.0]",green_insert_cylinder,blue_insert_socket,"[0.7000552830406706, 0.10193740512092189, 0.4999989089238971]","[0.7, 0.1, 0.45]","[0.7, 0.1, 0.45]",0.001930451,0.001938194,0.148433239,TRUE,0.004,0.050001091,,TRUE,insertion_trajectory,75,TRUE,/home/wei/code/learning_thousand_tasks/demo_library/rollout_trajectories/insert_grasp_replay_input_insert_20260815_222911.json,527,1408,527,1408,,,,,TRUE,TRUE,TRUE,grasp_complete,,TRUE,TRUE,insertion_replay_complete,,FALSE,TRUE,TRUE,,,9.76E-05,9.48E-05,4.09E-05,dwell_only,1.001,,67.90505409,0.698092699,0.00240469,0.042907953,0,47.46031046,66.3139267,0,29,moveit_wrapper_v1,66.3139267,/home/wei/code/learning_thousand_tasks/demo_library/rollout_trajectories/rollout_insert_20260815_222911.json,/home/wei/code/learning_thousand_tasks/demo_library/rollout_trajectories/insert_replay_input_insert_20260815_222911.json,/home/wei/code/learning_thousand_tasks/demo_library/scene_packages/live_insert_trial_insert_20260815_222911_relation.json,,,
2026/8/15 22:58,insert_20260815_225714,cylinder_insert_socket,insert the green cylinder into the blue socket,socket_c_cyl_x06_y0.2,1,full,target_anchor,bottleneck,stage_replay,success,TRUE,TRUE,TRUE,,,,,explicit_demo_id,green_cylinder_insert_blue_socket,,,cylinder,"[0.045, 0.045, 0.1]",green_insert_cylinder,"[0.6002286466692189, 0.20010559261152505, """"]","[0.6002286466692189, 0.20010559261152505, 0.5000005427078466]","[0.6002286466692189, 0.20010559261152505, 0.5000005427078466]",gazebo_world_xy_only,base,,,"[0.597321771713467, 0.1982712285741366, -0.432]",0.003437268,0.003437268,,xy_base_vs_gazebo_world_model_xy,dual_LangSAM_masks+PointCloud2+TF,base_pointcloud_percentile_box_center_xy,0.597321772,0.198271229,-0.432,,,,blue_insert_socket,"[0.7, 0.1, """"]","[0.7, 0.1, 0.45]","[0.7, 0.1, 0.45]","[0.7, 0.1, 0.45]",gazebo_world_xy_only,base,"[0.6999686582837702, 0.10000291470118318, -0.432]",3.15E-05,3.15E-05,,xy_base_vs_gazebo_world_model_xy,dual_LangSAM_masks+PointCloud2+TF,base_pointcloud_top_band_circle_fit_xy,,,0.699968658,0.100002915,-0.432,,,,0.597321772,0.198271229,-0.357,"[0.597321771713467, 0.1982712285741366, -0.357]","[0.697585478667162, 0.0032228071628622444, -0.1469368289744335]",0.699968658,0.100002915,-0.432,"[0.6999686582837702, 0.10000291470118318, -0.432]","[0.045, 0.045, 0.1]","[0.085, 0.085, 0.1]","[0.055, 0.055]","[0.0, 0.0, 0.0]",green_insert_cylinder,blue_insert_socket,"[0.7022793380504719, 0.10175404684338271, 0.49999891831978693]","[0.7, 0.1, 0.45]","[0.7, 0.1, 0.45]",0.002899259,0.002876119,0.147187904,TRUE,0.004,0.050001082,,TRUE,insertion_trajectory,75,TRUE,/home/wei/code/learning_thousand_tasks/demo_library/rollout_trajectories/insert_grasp_replay_input_insert_20260815_225714.json,692,1405,692,1405,,,,,TRUE,TRUE,TRUE,grasp_complete,,TRUE,TRUE,insertion_replay_complete,,FALSE,TRUE,TRUE,,,9.76E-05,9.48E-05,4.09E-05,dwell_only,1.001,,55.53645706,0.831394434,0.002151728,0.039875269,0,35.43438935,53.85267544,0,29,moveit_wrapper_v1,53.85267544,/home/wei/code/learning_thousand_tasks/demo_library/rollout_trajectories/rollout_insert_20260815_225714.json,/home/wei/code/learning_thousand_tasks/demo_library/rollout_trajectories/insert_replay_input_insert_20260815_225714.json,/home/wei/code/learning_thousand_tasks/demo_library/scene_packages/live_insert_trial_insert_20260815_225714_relation.json,no_contact,,2026/8/15 22:58
2026/8/15 23:02,insert_20260815_230140,cylinder_insert_socket,insert the green cylinder into the blue socket,socket_c_cyl_x06_y0.2,2,full,target_anchor,bottleneck,stage_replay,success,TRUE,TRUE,TRUE,,,,,explicit_demo_id,green_cylinder_insert_blue_socket,,,cylinder,"[0.045, 0.045, 0.1]",green_insert_cylinder,"[0.600046349822635, 0.2000497189169533, """"]","[0.600046349822635, 0.2000497189169533, 0.49999893451648997]","[0.600046349822635, 0.2000497189169533, 0.49999893451648997]",gazebo_world_xy_only,base,,,"[0.596595111315614, 0.19850787975398573, -0.432]",0.003779989,0.003779989,,xy_base_vs_gazebo_world_model_xy,dual_LangSAM_masks+PointCloud2+TF,base_pointcloud_percentile_box_center_xy,0.596595111,0.19850788,-0.432,,,,blue_insert_socket,"[0.7, 0.1, """"]","[0.7, 0.1, 0.45]","[0.7, 0.1, 0.45]","[0.7, 0.1, 0.45]",gazebo_world_xy_only,base,"[0.6999685864002617, 0.1000084892175038, -0.432]",3.25E-05,3.25E-05,,xy_base_vs_gazebo_world_model_xy,dual_LangSAM_masks+PointCloud2+TF,base_pointcloud_top_band_circle_fit_xy,,,0.699968586,0.100008489,-0.432,,,,0.596595111,0.19850788,-0.357,"[0.596595111315614, 0.19850787975398573, -0.357]","[0.697585478667162, 0.0032228071628622444, -0.1469368289744335]",0.699968586,0.100008489,-0.432,"[0.6999685864002617, 0.1000084892175038, -0.432]","[0.045, 0.045, 0.1]","[0.085, 0.085, 0.1]","[0.055, 0.055]","[0.0, 0.0, 0.0]",green_insert_cylinder,blue_insert_socket,"[0.7009346590231411, 0.09834131887087681, 0.4999998933986844]","[0.7, 0.1, 0.45]","[0.7, 0.1, 0.45]",0.001926851,0.001903894,0.139167042,TRUE,0.004,0.050000107,,TRUE,insertion_trajectory,75,TRUE,/home/wei/code/learning_thousand_tasks/demo_library/rollout_trajectories/insert_grasp_replay_input_insert_20260815_230140.json,692,1405,692,1405,,,,,TRUE,TRUE,TRUE,grasp_complete,,TRUE,TRUE,insertion_replay_complete,,FALSE,TRUE,TRUE,,,9.76E-05,9.48E-05,4.09E-05,dwell_only,1.001,,54.88427305,1.157426357,0.00225091,0.034691811,0,34.13777542,53.13815594,0,29,moveit_wrapper_v1,53.13815594,/home/wei/code/learning_thousand_tasks/demo_library/rollout_trajectories/rollout_insert_20260815_230140.json,/home/wei/code/learning_thousand_tasks/demo_library/rollout_trajectories/insert_replay_input_insert_20260815_230140.json,/home/wei/code/learning_thousand_tasks/demo_library/scene_packages/live_insert_trial_insert_20260815_230140_relation.json,no_contact,,2026/8/15 23:03
2026/8/15 23:08,insert_20260815_230720,cylinder_insert_socket,insert the green cylinder into the blue socket,socket_c_cyl_x06_y0.2,3,full,target_anchor,bottleneck,stage_replay,success,TRUE,TRUE,TRUE,,,,,explicit_demo_id,green_cylinder_insert_blue_socket,,,cylinder,"[0.045, 0.045, 0.1]",green_insert_cylinder,"[0.6000657105802939, 0.20005172196550194, """"]","[0.6000657105802939, 0.20005172196550194, 0.499998879623011]","[0.6000657105802939, 0.20005172196550194, 0.499998879623011]",gazebo_world_xy_only,base,,,"[0.5966029780285875, 0.19851207073203542, -0.432]",0.003789597,0.003789597,,xy_base_vs_gazebo_world_model_xy,dual_LangSAM_masks+PointCloud2+TF,base_pointcloud_percentile_box_center_xy,0.596602978,0.198512071,-0.432,,,,blue_insert_socket,"[0.7, 0.1, """"]","[0.7, 0.1, 0.45]","[0.7, 0.1, 0.45]","[0.7, 0.1, 0.45]",gazebo_world_xy_only,base,"[0.6999684935466659, 0.10000863468140506, -0.432]",3.27E-05,3.27E-05,,xy_base_vs_gazebo_world_model_xy,dual_LangSAM_masks+PointCloud2+TF,base_pointcloud_top_band_circle_fit_xy,,,0.699968494,0.100008635,-0.432,,,,0.596602978,0.198512071,-0.357,"[0.5966029780285875, 0.19851207073203542, -0.357]","[0.697585478667162, 0.0032228071628622444, -0.1469368289744335]",0.699968494,0.100008635,-0.432,"[0.6999684935466659, 0.10000863468140506, -0.432]","[0.045, 0.045, 0.1]","[0.085, 0.085, 0.1]","[0.055, 0.055]","[0.0, 0.0, 0.0]",green_insert_cylinder,blue_insert_socket,"[0.7022712628144993, 0.10086311381537683, 0.49999993193211906]","[0.7, 0.1, 0.45]","[0.7, 0.1, 0.45]",0.002456192,0.002429733,0.149524479,TRUE,0.004,0.050000068,,TRUE,insertion_trajectory,75,TRUE,/home/wei/code/learning_thousand_tasks/demo_library/rollout_trajectories/insert_grasp_replay_input_insert_20260815_230720.json,692,1405,692,1405,,,,,TRUE,TRUE,TRUE,grasp_complete,,TRUE,TRUE,insertion_replay_complete,,FALSE,TRUE,TRUE,,,9.76E-05,9.48E-05,4.09E-05,dwell_only,1.001,,55.95855117,0.845098257,0.001740932,0.040225267,0,35.28396678,54.50041485,0,29,moveit_wrapper_v1,54.50041485,/home/wei/code/learning_thousand_tasks/demo_library/rollout_trajectories/rollout_insert_20260815_230720.json,/home/wei/code/learning_thousand_tasks/demo_library/rollout_trajectories/insert_replay_input_insert_20260815_230720.json,/home/wei/code/learning_thousand_tasks/demo_library/scene_packages/live_insert_trial_insert_20260815_230720_relation.json,no_contact,,2026/8/15 23:08
2026/8/15 23:27,insert_20260815_232639,cylinder_insert_socket,insert the green cylinder into the blue socket,socket__x70_y0_cyl_x06_y-0.1,1,full,target_anchor,bottleneck,stage_replay,success,TRUE,TRUE,TRUE,,,,,explicit_demo_id,green_cylinder_insert_blue_socket,,,cylinder,"[0.045, 0.045, 0.1]",green_insert_cylinder,"[0.5999747371854781, -0.10000944350479976, """"]","[0.5999747371854781, -0.10000944350479976, 0.5000005942567664]","[0.5999747371854781, -0.10000944350479976, 0.5000005942567664]",gazebo_world_xy_only,base,,,"[0.5965221356632264, -0.09932566279186995, -0.432]",0.003519661,0.003519661,,xy_base_vs_gazebo_world_model_xy,dual_LangSAM_masks+PointCloud2+TF,base_pointcloud_percentile_box_center_xy,0.596522136,-0.099325663,-0.432,,,,blue_insert_socket,"[0.7, 0.0, """"]","[0.7, 0.0, 0.45]","[0.7, 0.0, 0.45]","[0.7, 0.0, 0.45]",gazebo_world_xy_only,base,"[0.6999748262720977, 1.056180982799972e-05, -0.432]",2.73E-05,2.73E-05,,xy_base_vs_gazebo_world_model_xy,dual_LangSAM_masks+PointCloud2+TF,base_pointcloud_top_band_circle_fit_xy,,,0.699974826,1.06E-05,-0.432,,,,0.596522136,-0.099325663,-0.357,"[0.5965221356632264, -0.09932566279186995, -0.357]","[0.697585478667162, 0.0032228071628622444, -0.1469368289744335]",0.699974826,1.06E-05,-0.432,"[0.6999748262720977, 1.056180982799972e-05, -0.432]","[0.045, 0.045, 0.1]","[0.085, 0.085, 0.1]","[0.055, 0.055]","[0.0, 0.0, 0.0]",green_insert_cylinder,blue_insert_socket,"[0.7020256909342505, -0.0011096879729491325, 0.5000008572086178]","[0.7, 0.0, 0.45]","[0.7, 0.0, 0.45]",0.002336879,0.002309725,0.139074279,TRUE,0.004,0.049999143,,TRUE,insertion_trajectory,75,TRUE,/home/wei/code/learning_thousand_tasks/demo_library/rollout_trajectories/insert_grasp_replay_input_insert_20260815_232639.json,666,1383,666,1383,,,,,TRUE,TRUE,TRUE,grasp_complete,,TRUE,TRUE,insertion_replay_complete,,FALSE,TRUE,TRUE,,,9.76E-05,9.48E-05,4.09E-05,dwell_only,1.001,,53.24546313,0.980990648,0.004080772,0.154579639,0,32.44244814,51.54675245,0,29,moveit_wrapper_v1,51.54675245,/home/wei/code/learning_thousand_tasks/demo_library/rollout_trajectories/rollout_insert_20260815_232639.json,/home/wei/code/learning_thousand_tasks/demo_library/rollout_trajectories/insert_replay_input_insert_20260815_232639.json,/home/wei/code/learning_thousand_tasks/demo_library/scene_packages/live_insert_trial_insert_20260815_232639_relation.json,,,
2026/8/15 23:39,insert_20260815_233807,cylinder_insert_socket,insert the green cylinder into the blue socket,socket__x70_y0_cyl_x06_y-0.1,2,full,target_anchor,bottleneck,stage_replay,success,TRUE,TRUE,TRUE,,,,,explicit_demo_id,green_cylinder_insert_blue_socket,,,cylinder,"[0.045, 0.045, 0.1]",green_insert_cylinder,"[0.599972612227783, -0.10001715540372927, """"]","[0.599972612227783, -0.10001715540372927, 0.5000008486044679]","[0.599972612227783, -0.10001715540372927, 0.5000008486044679]",gazebo_world_xy_only,base,,,"[0.5965311633105906, -0.09926881484701117, -0.432]",0.003521872,0.003521872,,xy_base_vs_gazebo_world_model_xy,dual_LangSAM_masks+PointCloud2+TF,base_pointcloud_percentile_box_center_xy,0.596531163,-0.099268815,-0.432,,,,blue_insert_socket,"[0.7, 0.0, """"]","[0.7, 0.0, 0.45]","[0.7, 0.0, 0.45]","[0.7, 0.0, 0.45]",gazebo_world_xy_only,base,"[0.6999758033328616, 9.535142890828479e-06, -0.432]",2.60E-05,2.60E-05,,xy_base_vs_gazebo_world_model_xy,dual_LangSAM_masks+PointCloud2+TF,base_pointcloud_top_band_circle_fit_xy,,,0.699975803,9.54E-06,-0.432,,,,0.596531163,-0.099268815,-0.357,"[0.5965311633105906, -0.09926881484701117, -0.357]","[0.697585478667162, 0.0032228071628622444, -0.1469368289744335]",0.699975803,9.54E-06,-0.432,"[0.6999758033328616, 9.535142890828479e-06, -0.432]","[0.045, 0.045, 0.1]","[0.085, 0.085, 0.1]","[0.055, 0.055]","[0.0, 0.0, 0.0]",green_insert_cylinder,blue_insert_socket,"[0.6994084708912139, -0.001164764190760623, 0.4999999340634062]","[0.7, 0.0, 0.45]","[0.7, 0.0, 0.45]",0.001304164,0.001306362,0.143036551,TRUE,0.004,0.050000066,,TRUE,insertion_trajectory,75,TRUE,/home/wei/code/learning_thousand_tasks/demo_library/rollout_trajectories/insert_grasp_replay_input_insert_20260815_233807.json,666,1383,666,1383,,,,,TRUE,TRUE,TRUE,grasp_complete,,TRUE,TRUE,insertion_replay_complete,,FALSE,TRUE,TRUE,,,9.76E-05,9.48E-05,4.09E-05,dwell_only,1.001,,53.94488907,0.810994625,0.001514673,0.051763535,0,33.67793298,52.58077836,0,29,moveit_wrapper_v1,52.58077836,/home/wei/code/learning_thousand_tasks/demo_library/rollout_trajectories/rollout_insert_20260815_233807.json,/home/wei/code/learning_thousand_tasks/demo_library/rollout_trajectories/insert_replay_input_insert_20260815_233807.json,/home/wei/code/learning_thousand_tasks/demo_library/scene_packages/live_insert_trial_insert_20260815_233807_relation.json,,,
2026/8/15 23:43,insert_20260815_234244,cylinder_insert_socket,insert the green cylinder into the blue socket,socket__x70_y0_cyl_x06_y-0.1,3,full,target_anchor,bottleneck,stage_replay,success,TRUE,TRUE,TRUE,,,,,explicit_demo_id,green_cylinder_insert_blue_socket,,,cylinder,"[0.045, 0.045, 0.1]",green_insert_cylinder,"[0.5999740545686543, -0.10001742299316381, """"]","[0.5999740545686543, -0.10001742299316381, 0.500000565529481]","[0.5999740545686543, -0.10001742299316381, 0.500000565529481]",gazebo_world_xy_only,base,,,"[0.5965596890597371, -0.0990194861344424, -0.432]",0.003557214,0.003557214,,xy_base_vs_gazebo_world_model_xy,dual_LangSAM_masks+PointCloud2+TF,base_pointcloud_percentile_box_center_xy,0.596559689,-0.099019486,-0.432,,,,blue_insert_socket,"[0.7, 0.0, """"]","[0.7, 0.0, 0.45]","[0.7, 0.0, 0.45]","[0.7, 0.0, 0.45]",gazebo_world_xy_only,base,"[0.6999795110803, -1.6840643889703466e-06, -0.432]",2.06E-05,2.06E-05,,xy_base_vs_gazebo_world_model_xy,dual_LangSAM_masks+PointCloud2+TF,base_pointcloud_top_band_circle_fit_xy,,,0.699979511,-1.68E-06,-0.432,,,,0.596559689,-0.099019486,-0.357,"[0.5965596890597371, -0.0990194861344424, -0.357]","[0.697585478667162, 0.0032228071628622444, -0.1469368289744335]",0.699979511,-1.68E-06,-0.432,"[0.6999795110803, -1.6840643889703466e-06, -0.432]","[0.045, 0.045, 0.1]","[0.085, 0.085, 0.1]","[0.055, 0.055]","[0.0, 0.0, 0.0]",green_insert_cylinder,blue_insert_socket,"[0.7012211677115422, 0.00043764513555934344, 0.49999992953426137]","[0.7, 0.0, 0.45]","[0.7, 0.0, 0.45]",0.001317088,0.001297222,0.127615582,TRUE,0.004,0.05000007,,TRUE,insertion_trajectory,75,TRUE,/home/wei/code/learning_thousand_tasks/demo_library/rollout_trajectories/insert_grasp_replay_input_insert_20260815_234244.json,666,1383,666,1383,,,,,TRUE,TRUE,TRUE,grasp_complete,,TRUE,TRUE,insertion_replay_complete,,FALSE,TRUE,TRUE,,,9.76E-05,9.48E-05,4.09E-05,dwell_only,1.001,,54.74388838,0.772413731,0.003350496,0.052094221,0,34.32208633,53.19924235,0,29,moveit_wrapper_v1,53.19924235,/home/wei/code/learning_thousand_tasks/demo_library/rollout_trajectories/rollout_insert_20260815_234244.json,/home/wei/code/learning_thousand_tasks/demo_library/rollout_trajectories/insert_replay_input_insert_20260815_234244.json,/home/wei/code/learning_thousand_tasks/demo_library/scene_packages/live_insert_trial_insert_20260815_234244_relation.json,,,
2026/8/15 23:46,insert_20260815_234540,cylinder_insert_socket,insert the green cylinder into the blue socket,socket__x70_y0_cyl_x06_y-0.1,4,full,target_anchor,bottleneck,stage_replay,success,TRUE,TRUE,TRUE,,,,,explicit_demo_id,green_cylinder_insert_blue_socket,,,cylinder,"[0.045, 0.045, 0.1]",green_insert_cylinder,"[0.5999774830027299, -0.10001595022297648, """"]","[0.5999774830027299, -0.10001595022297648, 0.4999988974999996]","[0.5999774830027299, -0.10001595022297648, 0.4999988974999996]",gazebo_world_xy_only,base,,,"[0.5965565004048883, -0.09902295283263997, -0.432]",0.003562186,0.003562186,,xy_base_vs_gazebo_world_model_xy,dual_LangSAM_masks+PointCloud2+TF,base_pointcloud_percentile_box_center_xy,0.5965565,-0.099022953,-0.432,,,,blue_insert_socket,"[0.7, 0.0, """"]","[0.7, 0.0, 0.45]","[0.7, 0.0, 0.45]","[0.7, 0.0, 0.45]",gazebo_world_xy_only,base,"[0.6999795758396322, -1.8116666147725165e-06, -0.432]",2.05E-05,2.05E-05,,xy_base_vs_gazebo_world_model_xy,dual_LangSAM_masks+PointCloud2+TF,base_pointcloud_top_band_circle_fit_xy,,,0.699979576,-1.81E-06,-0.432,,,,0.5965565,-0.099022953,-0.357,"[0.5965565004048883, -0.09902295283263997, -0.357]","[0.697585478667162, 0.0032228071628622444, -0.1469368289744335]",0.699979576,-1.81E-06,-0.432,"[0.6999795758396322, -1.8116666147725165e-06, -0.432]","[0.045, 0.045, 0.1]","[0.085, 0.085, 0.1]","[0.055, 0.055]","[0.0, 0.0, 0.0]",green_insert_cylinder,blue_insert_socket,"[0.7003384318674812, 0.0028408901201212693, 0.4999998959447267]","[0.7, 0.0, 0.45]","[0.7, 0.0, 0.45]",0.002865263,0.002860978,0.147078194,TRUE,0.004,0.050000104,,TRUE,insertion_trajectory,75,TRUE,/home/wei/code/learning_thousand_tasks/demo_library/rollout_trajectories/insert_grasp_replay_input_insert_20260815_234540.json,666,1383,666,1383,,,,,TRUE,TRUE,TRUE,grasp_complete,,TRUE,TRUE,insertion_replay_complete,,FALSE,TRUE,TRUE,,,9.76E-05,9.48E-05,4.09E-05,dwell_only,1.001,,55.82319999,0.952961683,0.008045197,0.014856815,0,34.99727273,54.22471786,0,29,moveit_wrapper_v1,54.22471786,/home/wei/code/learning_thousand_tasks/demo_library/rollout_trajectories/rollout_insert_20260815_234540.json,/home/wei/code/learning_thousand_tasks/demo_library/rollout_trajectories/insert_replay_input_insert_20260815_234540.json,/home/wei/code/learning_thousand_tasks/demo_library/scene_packages/live_insert_trial_insert_20260815_234540_relation.json,,,
2026/8/15 23:55,insert_20260815_235441,cylinder_insert_socket,insert the green cylinder into the blue socket,socket__x70_y0_cyl_x06_y0.1,1,full,target_anchor,bottleneck,stage_replay,success,TRUE,TRUE,TRUE,,,,,explicit_demo_id,green_cylinder_insert_blue_socket,,,cylinder,"[0.045, 0.045, 0.1]",green_insert_cylinder,"[0.6006976888114175, 0.10025320749523851, """"]","[0.6006976888114175, 0.10025320749523851, 0.5000005612915915]","[0.6006976888114175, 0.10025320749523851, 0.5000005612915915]",gazebo_world_xy_only,base,,,"[0.5969189751838714, 0.09931462288474655, -0.432]",0.003893535,0.003893535,,xy_base_vs_gazebo_world_model_xy,dual_LangSAM_masks+PointCloud2+TF,base_pointcloud_percentile_box_center_xy,0.596918975,0.099314623,-0.432,,,,blue_insert_socket,"[0.7, 0.0, """"]","[0.7, 0.0, 0.45]","[0.7, 0.0, 0.45]","[0.7, 0.0, 0.45]",gazebo_world_xy_only,base,"[0.6999795960648911, -1.5702840415852634e-06, -0.432]",2.05E-05,2.05E-05,,xy_base_vs_gazebo_world_model_xy,dual_LangSAM_masks+PointCloud2+TF,base_pointcloud_top_band_circle_fit_xy,,,0.699979596,-1.57E-06,-0.432,,,,0.596918975,0.099314623,-0.357,"[0.5969189751838714, 0.09931462288474655, -0.357]","[0.697585478667162, 0.0032228071628622444, -0.1469368289744335]",0.699979596,-1.57E-06,-0.432,"[0.6999795960648911, -1.5702840415852634e-06, -0.432]","[0.045, 0.045, 0.1]","[0.085, 0.085, 0.1]","[0.055, 0.055]","[0.0, 0.0, 0.0]",green_insert_cylinder,blue_insert_socket,"[0.7021899315153174, 0.0012169750243504953, 0.4999988938895955]","[0.7, 0.0, 0.45]","[0.7, 0.0, 0.45]",0.002523972,0.00250536,0.134348514,TRUE,0.004,0.050001106,,TRUE,insertion_trajectory,75,TRUE,/home/wei/code/learning_thousand_tasks/demo_library/rollout_trajectories/insert_grasp_replay_input_insert_20260815_235441.json,670,1383,670,1383,,,,,TRUE,TRUE,TRUE,grasp_complete,,TRUE,TRUE,insertion_replay_complete,,FALSE,TRUE,TRUE,,,9.76E-05,9.48E-05,4.09E-05,dwell_only,1.001,,55.47139788,0.773287535,0.0033319,0.023643017,0,34.65964055,53.6470058,0,29,moveit_wrapper_v1,53.6470058,/home/wei/code/learning_thousand_tasks/demo_library/rollout_trajectories/rollout_insert_20260815_235441.json,/home/wei/code/learning_thousand_tasks/demo_library/rollout_trajectories/insert_replay_input_insert_20260815_235441.json,/home/wei/code/learning_thousand_tasks/demo_library/scene_packages/live_insert_trial_insert_20260815_235441_relation.json,,,
2026/8/15 23:59,insert_20260815_235813,cylinder_insert_socket,insert the green cylinder into the blue socket,socket__x70_y0_cyl_x06_y0.1,2,full,target_anchor,bottleneck,stage_replay,success,TRUE,TRUE,TRUE,,,,,explicit_demo_id,green_cylinder_insert_blue_socket,,,cylinder,"[0.045, 0.045, 0.1]",green_insert_cylinder,"[0.600088150311316, 0.1000620014935208, """"]","[0.600088150311316, 0.1000620014935208, 0.5000008441572757]","[0.600088150311316, 0.1000620014935208, 0.5000008441572757]",gazebo_world_xy_only,base,,,"[0.5966173937145172, 0.09940683586148766, -0.432]",0.003532052,0.003532052,,xy_base_vs_gazebo_world_model_xy,dual_LangSAM_masks+PointCloud2+TF,base_pointcloud_percentile_box_center_xy,0.596617394,0.099406836,-0.432,,,,blue_insert_socket,"[0.7, 0.0, """"]","[0.7, 0.0, 0.45]","[0.7, 0.0, 0.45]","[0.7, 0.0, 0.45]",gazebo_world_xy_only,base,"[0.6999795518067645, -1.576495261976251e-06, -0.432]",2.05E-05,2.05E-05,,xy_base_vs_gazebo_world_model_xy,dual_LangSAM_masks+PointCloud2+TF,base_pointcloud_top_band_circle_fit_xy,,,0.699979552,-1.58E-06,-0.432,,,,0.596617394,0.099406836,-0.357,"[0.5966173937145172, 0.09940683586148766, -0.357]","[0.697585478667162, 0.0032228071628622444, -0.1469368289744335]",0.699979552,-1.58E-06,-0.432,"[0.6999795518067645, -1.576495261976251e-06, -0.432]","[0.045, 0.045, 0.1]","[0.085, 0.085, 0.1]","[0.055, 0.055]","[0.0, 0.0, 0.0]",green_insert_cylinder,blue_insert_socket,"[0.7039913994862576, -0.0009502864348240154, 0.4999989081512697]","[0.7, 0.0, 0.45]","[0.7, 0.0, 0.45]",0.004122496,0.004102964,0.134348005,TRUE,0.004,0.050001092,,TRUE,insertion_trajectory,75,TRUE,/home/wei/code/learning_thousand_tasks/demo_library/rollout_trajectories/insert_grasp_replay_input_insert_20260815_235813.json,670,1383,670,1383,,,,,TRUE,TRUE,TRUE,grasp_complete,,TRUE,TRUE,insertion_replay_complete,,FALSE,TRUE,TRUE,,,9.76E-05,9.48E-05,4.09E-05,dwell_only,1.001,,56.34532285,1.001753569,0.010117531,0.036807299,0,35.37930012,54.6638031,0,29,moveit_wrapper_v1,54.6638031,/home/wei/code/learning_thousand_tasks/demo_library/rollout_trajectories/rollout_insert_20260815_235813.json,/home/wei/code/learning_thousand_tasks/demo_library/rollout_trajectories/insert_replay_input_insert_20260815_235813.json,/home/wei/code/learning_thousand_tasks/demo_library/scene_packages/live_insert_trial_insert_20260815_235813_relation.json,,,
2026/8/16 0:35,insert_20260816_003448,cylinder_insert_socket,insert the green cylinder into the blue socket,socket__x70_y0_cyl_x06_y0.1,3,full,target_anchor,bottleneck,stage_replay,success,TRUE,TRUE,TRUE,,,,,explicit_demo_id,green_cylinder_insert_blue_socket,,,cylinder,"[0.045, 0.045, 0.1]",green_insert_cylinder,"[0.6001179935058647, 0.10006642358247761, """"]","[0.6001179935058647, 0.10006642358247761, 0.49999889402722014]","[0.6001179935058647, 0.10006642358247761, 0.49999889402722014]",gazebo_world_xy_only,base,,,"[0.5966298744496187, 0.09940763647190765, -0.432]",0.003549785,0.003549785,,xy_base_vs_gazebo_world_model_xy,dual_LangSAM_masks+PointCloud2+TF,base_pointcloud_percentile_box_center_xy,0.596629874,0.099407636,-0.432,,,,blue_insert_socket,"[0.7, 0.0, """"]","[0.7, 0.0, 0.45]","[0.7, 0.0, 0.45]","[0.7, 0.0, 0.45]",gazebo_world_xy_only,base,"[0.6999795588915463, -1.6466979282712752e-06, -0.432]",2.05E-05,2.05E-05,,xy_base_vs_gazebo_world_model_xy,dual_LangSAM_masks+PointCloud2+TF,base_pointcloud_top_band_circle_fit_xy,,,0.699979559,-1.65E-06,-0.432,,,,0.596629874,0.099407636,-0.357,"[0.5966298744496187, 0.09940763647190765, -0.357]","[0.697585478667162, 0.0032228071628622444, -0.1469368289744335]",0.699979559,-1.65E-06,-0.432,"[0.6999795588915463, -1.6466979282712752e-06, -0.432]","[0.045, 0.045, 0.1]","[0.085, 0.085, 0.1]","[0.055, 0.055]","[0.0, 0.0, 0.0]",green_insert_cylinder,blue_insert_socket,"[0.7026999458347838, -0.0010398847454902158, 0.5000008572064473]","[0.7, 0.0, 0.45]","[0.7, 0.0, 0.45]",0.002911777,0.00289328,0.147891556,TRUE,0.004,0.049999143,,TRUE,insertion_trajectory,75,TRUE,/home/wei/code/learning_thousand_tasks/demo_library/rollout_trajectories/insert_grasp_replay_input_insert_20260816_003448.json,670,1383,670,1383,,,,,TRUE,TRUE,TRUE,grasp_complete,,TRUE,TRUE,insertion_replay_complete,,FALSE,TRUE,TRUE,,,9.76E-05,9.48E-05,4.09E-05,dwell_only,1.001,,56.77121067,1.231241941,0.010153055,0.049317122,0,35.26764369,54.80256414,0,29,moveit_wrapper_v1,54.80256414,/home/wei/code/learning_thousand_tasks/demo_library/rollout_trajectories/rollout_insert_20260816_003448.json,/home/wei/code/learning_thousand_tasks/demo_library/rollout_trajectories/insert_replay_input_insert_20260816_003448.json,/home/wei/code/learning_thousand_tasks/demo_library/scene_packages/live_insert_trial_insert_20260816_003448_relation.json,,,
2026/8/16 0:39,insert_20260816_003817,cylinder_insert_socket,insert the green cylinder into the blue socket,socket__x70_y0_cyl_x06_y0.1,4,full,target_anchor,bottleneck,stage_replay,success,TRUE,TRUE,TRUE,,,,,explicit_demo_id,green_cylinder_insert_blue_socket,,,cylinder,"[0.045, 0.045, 0.1]",green_insert_cylinder,"[0.6001080834738809, 0.10006711363316993, """"]","[0.6001080834738809, 0.10006711363316993, 0.5000005613740431]","[0.6001080834738809, 0.10006711363316993, 0.5000005613740431]",gazebo_world_xy_only,base,,,"[0.5979649625504859, 0.09906802155864237, -0.432]",0.002364562,0.002364562,,xy_base_vs_gazebo_world_model_xy,dual_LangSAM_masks+PointCloud2+TF,base_pointcloud_percentile_box_center_xy,0.597964963,0.099068022,-0.432,,,,blue_insert_socket,"[0.7, 0.0, """"]","[0.7, 0.0, 0.45]","[0.7, 0.0, 0.45]","[0.7, 0.0, 0.45]",gazebo_world_xy_only,base,"[0.6999764924346166, 9.581223827730568e-06, -0.432]",2.54E-05,2.54E-05,,xy_base_vs_gazebo_world_model_xy,dual_LangSAM_masks+PointCloud2+TF,base_pointcloud_top_band_circle_fit_xy,,,0.699976492,9.58E-06,-0.432,,,,0.597964963,0.099068022,-0.357,"[0.5979649625504859, 0.09906802155864237, -0.357]","[0.697585478667162, 0.0032228071628622444, -0.1469368289744335]",0.699976492,9.58E-06,-0.432,"[0.6999764924346166, 9.581223827730568e-06, -0.432]","[0.045, 0.045, 0.1]","[0.085, 0.085, 0.1]","[0.055, 0.055]","[0.0, 0.0, 0.0]",green_insert_cylinder,blue_insert_socket,"[0.7025789299710161, -0.0020592622919264557, 0.5000005826117752]","[0.7, 0.0, 0.45]","[0.7, 0.0, 0.45]",0.003324574,0.003300218,0.147638825,TRUE,0.004,0.049999417,,TRUE,insertion_trajectory,75,TRUE,/home/wei/code/learning_thousand_tasks/demo_library/rollout_trajectories/insert_grasp_replay_input_insert_20260816_003817.json,670,1383,670,1383,,,,,TRUE,TRUE,TRUE,grasp_complete,,TRUE,TRUE,insertion_replay_complete,,FALSE,TRUE,TRUE,,,9.76E-05,9.48E-05,4.09E-05,dwell_only,1.001,,56.75207853,1.169345856,0.001988411,0.073906183,0,35.77262664,54.86560512,0,29,moveit_wrapper_v1,54.86560512,/home/wei/code/learning_thousand_tasks/demo_library/rollout_trajectories/rollout_insert_20260816_003817.json,/home/wei/code/learning_thousand_tasks/demo_library/rollout_trajectories/insert_replay_input_insert_20260816_003817.json,/home/wei/code/learning_thousand_tasks/demo_library/scene_packages/live_insert_trial_insert_20260816_003817_relation.json,,,
2026-08-16 01:14:20,insert_20260816_011312,cylinder_insert_socket,insert the green cylinder into the blue socket,socket__x70_y0_cyl_x08_y0.1,1,full,target_anchor,bottleneck,stage_replay,success,True,True,True,,,,,explicit_demo_id,green_cylinder_insert_blue_socket,,,cylinder,"[0.045, 0.045, 0.1]",green_insert_cylinder,"[0.800073004829738, 0.10000966654196673, """"]","[0.800073004829738, 0.10000966654196673, 0.5000005679507713]","[0.800073004829738, 0.10000966654196673, 0.5000005679507713]",gazebo_world_xy_only,base,,,"[0.7974017227963477, 0.09974873546887165, -0.432]",0.0026839956644563157,0.0026839956644563157,,xy_base_vs_gazebo_world_model_xy,dual_LangSAM_masks+PointCloud2+TF,base_pointcloud_percentile_box_center_xy,0.7974017227963477,0.09974873546887165,-0.432,,,,blue_insert_socket,"[0.7, 0.0, """"]","[0.7, 0.0, 0.45]","[0.7, 0.0, 0.45]","[0.7, 0.0, 0.45]",gazebo_world_xy_only,base,"[0.6999796264766074, -7.833834712010531e-06, -0.432]",2.1827721404733865e-05,2.1827721404733865e-05,,xy_base_vs_gazebo_world_model_xy,dual_LangSAM_masks+PointCloud2+TF,base_pointcloud_top_band_circle_fit_xy,,,0.6999796264766074,-7.833834712010531e-06,-0.432,,,,0.7974017227963477,0.09974873546887165,-0.357,"[0.7974017227963477, 0.09974873546887165, -0.357]","[0.697585478667162, 0.0032228071628622444, -0.1469368289744335]",0.6999796264766074,-7.833834712010531e-06,-0.432,"[0.6999796264766074, -7.833834712010531e-06, -0.432]","[0.045, 0.045, 0.1]","[0.085, 0.085, 0.1]","[0.055, 0.055]","[0.0, 0.0, 0.0]",green_insert_cylinder,blue_insert_socket,"[0.702210796420552, 0.0006181689053884377, 0.5000008594272399]","[0.7, 0.0, 0.45]","[0.7, 0.0, 0.45]",0.0023173257754089886,0.0022955943911576937,0.13721884779671853,True,0.004000000000000001,0.04999914057276006,,True,insertion_trajectory,75,True,/home/wei/code/learning_thousand_tasks/demo_library/rollout_trajectories/insert_grasp_replay_input_insert_20260816_011312.json,512,1383,512,1383,,,,,True,True,True,grasp_complete,,True,True,insertion_replay_complete,,False,True,True,,,9.764229783184671e-05,9.476174345421682e-05,4.088114373512752e-05,dwell_only,1.0010000000000048,,69.53259992599487,0.8818893432617188,0.007109165191650391,0.049736976623535156,0.0,49.38734149932861,68.05963253974915,0,29,moveit_wrapper_v1,68.05963253974915,/home/wei/code/learning_thousand_tasks/demo_library/rollout_trajectories/rollout_insert_20260816_011312.json,/home/wei/code/learning_thousand_tasks/demo_library/rollout_trajectories/insert_replay_input_insert_20260816_011312.json,/home/wei/code/learning_thousand_tasks/demo_library/scene_packages/live_insert_trial_insert_20260816_011312_relation.json,,,
2026-08-16 01:17:38,insert_20260816_011631,cylinder_insert_socket,insert the green cylinder into the blue socket,socket__x70_y0_cyl_x08_y0.1,2,full,target_anchor,bottleneck,stage_replay,success,True,True,True,,,,,explicit_demo_id,green_cylinder_insert_blue_socket,,,cylinder,"[0.045, 0.045, 0.1]",green_insert_cylinder,"[0.8000728129293594, 0.1000058309280173, """"]","[0.8000728129293594, 0.1000058309280173, 0.49999889922275037]","[0.8000728129293594, 0.1000058309280173, 0.49999889922275037]",gazebo_world_xy_only,base,,,"[0.7974278007261111, 0.0993477777515161, -0.432]",0.00272564185806496,0.00272564185806496,,xy_base_vs_gazebo_world_model_xy,dual_LangSAM_masks+PointCloud2+TF,base_pointcloud_percentile_box_center_xy,0.7974278007261111,0.0993477777515161,-0.432,,,,blue_insert_socket,"[0.7, 0.0, """"]","[0.7, 0.0, 0.45]","[0.7, 0.0, 0.45]","[0.7, 0.0, 0.45]",gazebo_world_xy_only,base,"[0.6999785745835778, 8.326397347847165e-06, -0.432]",2.2986460398597088e-05,2.2986460398597088e-05,,xy_base_vs_gazebo_world_model_xy,dual_LangSAM_masks+PointCloud2+TF,base_pointcloud_top_band_circle_fit_xy,,,0.6999785745835778,8.326397347847165e-06,-0.432,,,,0.7974278007261111,0.0993477777515161,-0.357,"[0.7974278007261111, 0.0993477777515161, -0.357]","[0.697585478667162, 0.0032228071628622444, -0.1469368289744335]",0.6999785745835778,8.326397347847165e-06,-0.432,"[0.6999785745835778, 8.326397347847165e-06, -0.432]","[0.045, 0.045, 0.1]","[0.085, 0.085, 0.1]","[0.055, 0.055]","[0.0, 0.0, 0.0]",green_insert_cylinder,blue_insert_socket,"[0.702088212982969, 0.0020267513982103426, 0.5000008725678338]","[0.7, 0.0, 0.45]","[0.7, 0.0, 0.45]",0.0029196941038904132,0.0029100437612496386,0.13696676271211858,True,0.004000000000000001,0.049999127432166224,,True,insertion_trajectory,75,True,/home/wei/code/learning_thousand_tasks/demo_library/rollout_trajectories/insert_grasp_replay_input_insert_20260816_011631.json,512,1383,512,1383,,,,,True,True,True,grasp_complete,,True,True,insertion_replay_complete,,False,True,True,,,9.764229783184671e-05,9.476174345421682e-05,4.088114373512752e-05,dwell_only,1.0010000000000048,,67.73660707473755,1.2275824546813965,0.010135412216186523,0.0253140926361084,0.0,46.770299673080444,66.02364802360535,0,29,moveit_wrapper_v1,66.02364802360535,/home/wei/code/learning_thousand_tasks/demo_library/rollout_trajectories/rollout_insert_20260816_011631.json,/home/wei/code/learning_thousand_tasks/demo_library/rollout_trajectories/insert_replay_input_insert_20260816_011631.json,/home/wei/code/learning_thousand_tasks/demo_library/scene_packages/live_insert_trial_insert_20260816_011631_relation.json,,,
2026-08-16 01:20:34,insert_20260816_011927,cylinder_insert_socket,insert the green cylinder into the blue socket,socket__x70_y0_cyl_x08_y0.1,3,full,target_anchor,bottleneck,stage_replay,success,True,True,,,,,,explicit_demo_id,green_cylinder_insert_blue_socket,,,cylinder,"[0.045, 0.045, 0.1]",green_insert_cylinder,"[0.8000720105072654, 0.10001074257390594, """"]","[0.8000720105072654, 0.10001074257390594, 0.4999989152549902]","[0.8000720105072654, 0.10001074257390594, 0.4999989152549902]",gazebo_world_xy_only,base,,,"[0.7974104055181803, 0.09959792582266122, -0.432]",0.0026934288162175006,0.0026934288162175006,,xy_base_vs_gazebo_world_model_xy,dual_LangSAM_masks+PointCloud2+TF,base_pointcloud_percentile_box_center_xy,0.7974104055181803,0.09959792582266122,-0.432,,,,blue_insert_socket,"[0.7, 0.0, """"]","[0.7, 0.0, 0.45]","[0.7, 0.0, 0.45]","[0.7, 0.0, 0.45]",gazebo_world_xy_only,base,"[0.6999795712544522, -1.5443198470202084e-06, -0.432]",2.0487034154427386e-05,2.0487034154427386e-05,,xy_base_vs_gazebo_world_model_xy,dual_LangSAM_masks+PointCloud2+TF,base_pointcloud_top_band_circle_fit_xy,,,0.6999795712544522,-1.5443198470202084e-06,-0.432,,,,0.7974104055181803,0.09959792582266122,-0.357,"[0.7974104055181803, 0.09959792582266122, -0.357]","[0.697585478667162, 0.0032228071628622444, -0.1469368289744335]",0.6999795712544522,-1.5443198470202084e-06,-0.432,"[0.6999795712544522, -1.5443198470202084e-06, -0.432]","[0.045, 0.045, 0.1]","[0.085, 0.085, 0.1]","[0.055, 0.055]","[0.0, 0.0, 0.0]",,,"["""", """", """"]","["""", """", """"]","["""", """", """"]",,,0.14111452376682726,True,0.004000000000000001,,manual video adjudication: task success; automatic postcheck not run because Step H post-release retreat failed,True,insertion_trajectory,75,True,/home/wei/code/learning_thousand_tasks/demo_library/rollout_trajectories/insert_grasp_replay_input_insert_20260816_011927.json,512,1383,512,1383,,,,,False,True,True,grasp_complete,,True,False,insertion_step_h_replay,insertion_step_h_replay,False,False,False,insertion_step_h_replay,insertion_step_h_replay,9.764229783184671e-05,9.476174345421682e-05,4.088114373512752e-05,dwell_only,1.0010000000000048,success_video_verified,68.5986635684967,1.163834810256958,0.015244483947753906,0.03691864013671875,0.0,47.22431826591492,66.71812105178833,0,29,moveit_wrapper_v1,66.71812105178833,/home/wei/code/learning_thousand_tasks/demo_library/rollout_trajectories/rollout_insert_20260816_011927.json,/home/wei/code/learning_thousand_tasks/demo_library/rollout_trajectories/insert_replay_input_insert_20260816_011927.json,/home/wei/code/learning_thousand_tasks/demo_library/scene_packages/live_insert_trial_insert_20260816_011927_relation.json,,,
2026-08-16 01:27:58,insert_20260816_012641,cylinder_insert_socket,insert the green cylinder into the blue socket,socket__x70_y0_cyl_x08_y0.1,4,full,target_anchor,bottleneck,stage_replay,success,True,True,True,,,,,explicit_demo_id,green_cylinder_insert_blue_socket,,,cylinder,"[0.045, 0.045, 0.1]",green_insert_cylinder,"[0.8001046789278282, 0.09999951124337778, """"]","[0.8001046789278282, 0.09999951124337778, 0.5000005679510019]","[0.8001046789278282, 0.09999951124337778, 0.5000005679510019]",gazebo_world_xy_only,base,,,"[0.7974272271631615, 0.09957652432508182, -0.432]",0.002710657832550324,0.002710657832550324,,xy_base_vs_gazebo_world_model_xy,dual_LangSAM_masks+PointCloud2+TF,base_pointcloud_percentile_box_center_xy,0.7974272271631615,0.09957652432508182,-0.432,,,,blue_insert_socket,"[0.7, 0.0, """"]","[0.7, 0.0, 0.45]","[0.7, 0.0, 0.45]","[0.7, 0.0, 0.45]",gazebo_world_xy_only,base,"[0.6999795588916018, -1.6228244646370397e-06, -0.432]",2.0505425423248662e-05,2.0505425423248662e-05,,xy_base_vs_gazebo_world_model_xy,dual_LangSAM_masks+PointCloud2+TF,base_pointcloud_top_band_circle_fit_xy,,,0.6999795588916018,-1.6228244646370397e-06,-0.432,,,,0.7974272271631615,0.09957652432508182,-0.357,"[0.7974272271631615, 0.09957652432508182, -0.357]","[0.697585478667162, 0.0032228071628622444, -0.1469368289744335]",0.6999795588916018,-1.6228244646370397e-06,-0.432,"[0.6999795588916018, -1.6228244646370397e-06, -0.432]","[0.045, 0.045, 0.1]","[0.085, 0.085, 0.1]","[0.055, 0.055]","[0.0, 0.0, 0.0]",green_insert_cylinder,blue_insert_socket,"[0.7011153382976534, 0.0010944818311952671, 0.49999890885606146]","[0.7, 0.0, 0.45]","[0.7, 0.0, 0.45]",0.0015784296865461597,0.0015626483920028141,0.1422805422736461,True,0.004000000000000001,0.050001091143938525,,True,insertion_trajectory,75,True,/home/wei/code/learning_thousand_tasks/demo_library/rollout_trajectories/insert_grasp_replay_input_insert_20260816_012641.json,512,1383,512,1383,,,,,True,True,True,grasp_complete,,True,True,insertion_replay_complete,,False,True,True,,,9.764229783184671e-05,9.476174345421682e-05,4.088114373512752e-05,dwell_only,1.0010000000000048,,78.6221432685852,1.0186541080474854,0.002276182174682617,0.022669553756713867,0.0,57.595696687698364,76.9040858745575,0,29,moveit_wrapper_v1,76.9040858745575,/home/wei/code/learning_thousand_tasks/demo_library/rollout_trajectories/rollout_insert_20260816_012641.json,/home/wei/code/learning_thousand_tasks/demo_library/rollout_trajectories/insert_replay_input_insert_20260816_012641.json,/home/wei/code/learning_thousand_tasks/demo_library/scene_packages/live_insert_trial_insert_20260816_012641_relation.json,,,
2026-08-16 01:35:45,insert_20260816_013436,cylinder_insert_socket,insert the green cylinder into the blue socket,socket__x70_y0_cyl_x08_y-0.1,1,full,target_anchor,bottleneck,stage_replay,success,True,True,True,,,,,explicit_demo_id,green_cylinder_insert_blue_socket,,,cylinder,"[0.045, 0.045, 0.1]",green_insert_cylinder,"[0.8003317092493433, -0.09985967046379234, """"]","[0.8003317092493433, -0.09985967046379234, 0.5000008441255659]","[0.8003317092493433, -0.09985967046379234, 0.5000008441255659]",gazebo_world_xy_only,base,,,"[0.7975408222613768, -0.09962946445536698, -0.432]",0.002800365152246353,0.002800365152246353,,xy_base_vs_gazebo_world_model_xy,dual_LangSAM_masks+PointCloud2+TF,base_pointcloud_percentile_box_center_xy,0.7975408222613768,-0.09962946445536698,-0.432,,,,blue_insert_socket,"[0.7, 0.0, """"]","[0.7, 0.0, 0.45]","[0.7, 0.0, 0.45]","[0.7, 0.0, 0.45]",gazebo_world_xy_only,base,"[0.6999795924845644, -1.7621099520222597e-06, -0.432]",2.048344984943492e-05,2.048344984943492e-05,,xy_base_vs_gazebo_world_model_xy,dual_LangSAM_masks+PointCloud2+TF,base_pointcloud_top_band_circle_fit_xy,,,0.6999795924845644,-1.7621099520222597e-06,-0.432,,,,0.7975408222613768,-0.09962946445536698,-0.357,"[0.7975408222613768, -0.09962946445536698, -0.357]","[0.697585478667162, 0.0032228071628622444, -0.1469368289744335]",0.6999795924845644,-1.7621099520222597e-06,-0.432,"[0.6999795924845644, -1.7621099520222597e-06, -0.432]","[0.045, 0.045, 0.1]","[0.085, 0.085, 0.1]","[0.055, 0.055]","[0.0, 0.0, 0.0]",green_insert_cylinder,blue_insert_socket,"[0.6993749317336919, -0.001827712724254346, 0.5000006256009584]","[0.7, 0.0, 0.45]","[0.7, 0.0, 0.45]",0.0019234630928397717,0.0019316428603514105,0.14624516569613763,True,0.004000000000000001,0.04999937439904162,,True,insertion_trajectory,75,True,/home/wei/code/learning_thousand_tasks/demo_library/rollout_trajectories/insert_grasp_replay_input_insert_20260816_013436.json,513,1383,513,1383,,,,,True,True,True,grasp_complete,,True,True,insertion_replay_complete,,False,True,True,,,9.764229783184671e-05,9.476174345421682e-05,4.088114373512752e-05,dwell_only,1.0010000000000048,,70.10480833053589,1.0482285022735596,0.0017142295837402344,0.031071901321411133,0.0,49.60692858695984,68.23191952705383,0,29,moveit_wrapper_v1,68.23191952705383,/home/wei/code/learning_thousand_tasks/demo_library/rollout_trajectories/rollout_insert_20260816_013436.json,/home/wei/code/learning_thousand_tasks/demo_library/rollout_trajectories/insert_replay_input_insert_20260816_013436.json,/home/wei/code/learning_thousand_tasks/demo_library/scene_packages/live_insert_trial_insert_20260816_013436_relation.json,,,
2026-08-16 01:38:41,insert_20260816_013734,cylinder_insert_socket,insert the green cylinder into the blue socket,socket__x70_y0_cyl_x08_y-0.1,2,full,target_anchor,bottleneck,stage_replay,success,True,True,True,,,,,explicit_demo_id,green_cylinder_insert_blue_socket,,,cylinder,"[0.045, 0.045, 0.1]",green_insert_cylinder,"[0.8000777579686942, -0.09994665782128304, """"]","[0.8000777579686942, -0.09994665782128304, 0.49999889403260284]","[0.8000777579686942, -0.09994665782128304, 0.49999889403260284]",gazebo_world_xy_only,base,,,"[0.7974148714797027, -0.09964762463924462, -0.432]",0.002679624096251831,0.002679624096251831,,xy_base_vs_gazebo_world_model_xy,dual_LangSAM_masks+PointCloud2+TF,base_pointcloud_percentile_box_center_xy,0.7974148714797027,-0.09964762463924462,-0.432,,,,blue_insert_socket,"[0.7, 0.0, """"]","[0.7, 0.0, 0.45]","[0.7, 0.0, 0.45]","[0.7, 0.0, 0.45]",gazebo_world_xy_only,base,"[0.6999795952751848, -1.669212197507278e-06, -0.432]",2.0472886072592093e-05,2.0472886072592093e-05,,xy_base_vs_gazebo_world_model_xy,dual_LangSAM_masks+PointCloud2+TF,base_pointcloud_top_band_circle_fit_xy,,,0.6999795952751848,-1.669212197507278e-06,-0.432,,,,0.7974148714797027,-0.09964762463924462,-0.357,"[0.7974148714797027, -0.09964762463924462, -0.357]","[0.697585478667162, 0.0032228071628622444, -0.1469368289744335]",0.6999795952751848,-1.669212197507278e-06,-0.432,"[0.6999795952751848, -1.669212197507278e-06, -0.432]","[0.045, 0.045, 0.1]","[0.085, 0.085, 0.1]","[0.055, 0.055]","[0.0, 0.0, 0.0]",green_insert_cylinder,blue_insert_socket,"[0.7007638191331688, -0.0005102529141777352, 0.49999890395903396]","[0.7, 0.0, 0.45]","[0.7, 0.0, 0.45]",0.0009347001879485847,0.0009185737339057877,0.1353031763033368,True,0.004000000000000001,0.05000109604096603,,True,insertion_trajectory,75,True,/home/wei/code/learning_thousand_tasks/demo_library/rollout_trajectories/insert_grasp_replay_input_insert_20260816_013734.json,513,1383,513,1383,,,,,True,True,True,grasp_complete,,True,True,insertion_replay_complete,,False,True,True,,,9.764229783184671e-05,9.476174345421682e-05,4.088114373512752e-05,dwell_only,1.0010000000000048,,67.31139135360718,0.6929152011871338,0.0029764175415039062,0.14336180686950684,0.0,46.4216513633728,65.91964673995972,0,29,moveit_wrapper_v1,65.91964673995972,/home/wei/code/learning_thousand_tasks/demo_library/rollout_trajectories/rollout_insert_20260816_013734.json,/home/wei/code/learning_thousand_tasks/demo_library/rollout_trajectories/insert_replay_input_insert_20260816_013734.json,/home/wei/code/learning_thousand_tasks/demo_library/scene_packages/live_insert_trial_insert_20260816_013734_relation.json,,,
2026-08-16 01:41:35,insert_20260816_014026,cylinder_insert_socket,insert the green cylinder into the blue socket,socket__x70_y0_cyl_x08_y-0.1,3,full,target_anchor,bottleneck,stage_replay,success,True,True,True,,,,,explicit_demo_id,green_cylinder_insert_blue_socket,,,cylinder,"[0.045, 0.045, 0.1]",green_insert_cylinder,"[0.8000692882114743, -0.09994414145117299, """"]","[0.8000692882114743, -0.09994414145117299, 0.5000008441597765]","[0.8000692882114743, -0.09994414145117299, 0.5000008441597765]",gazebo_world_xy_only,base,,,"[0.7974109344642557, -0.09964661748913561, -0.432]",0.0026749514300894164,0.0026749514300894164,,xy_base_vs_gazebo_world_model_xy,dual_LangSAM_masks+PointCloud2+TF,base_pointcloud_percentile_box_center_xy,0.7974109344642557,-0.09964661748913561,-0.432,,,,blue_insert_socket,"[0.7, 0.0, """"]","[0.7, 0.0, 0.45]","[0.7, 0.0, 0.45]","[0.7, 0.0, 0.45]",gazebo_world_xy_only,base,"[0.6999795339579062, -1.5937503778565942e-06, -0.432]",2.0528003294246573e-05,2.0528003294246573e-05,,xy_base_vs_gazebo_world_model_xy,dual_LangSAM_masks+PointCloud2+TF,base_pointcloud_top_band_circle_fit_xy,,,0.6999795339579062,-1.5937503778565942e-06,-0.432,,,,0.7974109344642557,-0.09964661748913561,-0.357,"[0.7974109344642557, -0.09964661748913561, -0.357]","[0.697585478667162, 0.0032228071628622444, -0.1469368289744335]",0.6999795339579062,-1.5937503778565942e-06,-0.432,"[0.6999795339579062, -1.5937503778565942e-06, -0.432]","[0.045, 0.045, 0.1]","[0.085, 0.085, 0.1]","[0.055, 0.055]","[0.0, 0.0, 0.0]",green_insert_cylinder,blue_insert_socket,"[0.7012513800736079, 0.0005120605304050831, 0.49999992923672465]","[0.7, 0.0, 0.45]","[0.7, 0.0, 0.45]",0.0013716534774468286,0.001352093959538945,0.14381552854147106,True,0.004000000000000001,0.05000007076327534,,True,insertion_trajectory,75,True,/home/wei/code/learning_thousand_tasks/demo_library/rollout_trajectories/insert_grasp_replay_input_insert_20260816_014026.json,513,1383,513,1383,,,,,True,True,True,grasp_complete,,True,True,insertion_replay_complete,,False,True,True,,,9.764229783184671e-05,9.476174345421682e-05,4.088114373512752e-05,dwell_only,1.0010000000000048,,69.90910720825195,0.9078836441040039,0.0016770362854003906,0.013190746307373047,0.0,49.082828521728516,68.11494541168213,0,29,moveit_wrapper_v1,68.11494541168213,/home/wei/code/learning_thousand_tasks/demo_library/rollout_trajectories/rollout_insert_20260816_014026.json,/home/wei/code/learning_thousand_tasks/demo_library/rollout_trajectories/insert_replay_input_insert_20260816_014026.json,/home/wei/code/learning_thousand_tasks/demo_library/scene_packages/live_insert_trial_insert_20260816_014026_relation.json,,,
2026-08-16 01:44:50,insert_20260816_014341,cylinder_insert_socket,insert the green cylinder into the blue socket,socket__x70_y0_cyl_x08_y-0.1,4,full,target_anchor,bottleneck,stage_replay,success,True,True,True,,,,,explicit_demo_id,green_cylinder_insert_blue_socket,,,cylinder,"[0.045, 0.045, 0.1]",green_insert_cylinder,"[0.800128719450588, -0.09993009808985835, """"]","[0.800128719450588, -0.09993009808985835, 0.49999889402603737]","[0.800128719450588, -0.09993009808985835, 0.49999889402603737]",gazebo_world_xy_only,base,,,"[0.797438594942566, -0.09965327479037381, -0.432]",0.002704330047867415,0.002704330047867415,,xy_base_vs_gazebo_world_model_xy,dual_LangSAM_masks+PointCloud2+TF,base_pointcloud_percentile_box_center_xy,0.797438594942566,-0.09965327479037381,-0.432,,,,blue_insert_socket,"[0.7, 0.0, """"]","[0.7, 0.0, 0.45]","[0.7, 0.0, 0.45]","[0.7, 0.0, 0.45]",gazebo_world_xy_only,base,"[0.6999795959962136, -1.605002441850584e-06, -0.432]",2.0467032109005903e-05,2.0467032109005903e-05,,xy_base_vs_gazebo_world_model_xy,dual_LangSAM_masks+PointCloud2+TF,base_pointcloud_top_band_circle_fit_xy,,,0.6999795959962136,-1.605002441850584e-06,-0.432,,,,0.797438594942566,-0.09965327479037381,-0.357,"[0.797438594942566, -0.09965327479037381, -0.357]","[0.697585478667162, 0.0032228071628622444, -0.1469368289744335]",0.6999795959962136,-1.605002441850584e-06,-0.432,"[0.6999795959962136, -1.605002441850584e-06, -0.432]","[0.045, 0.045, 0.1]","[0.085, 0.085, 0.1]","[0.055, 0.055]","[0.0, 0.0, 0.0]",green_insert_cylinder,blue_insert_socket,"[0.7015488058162691, 0.0002824160226653535, 0.49999989309336285]","[0.7, 0.0, 0.45]","[0.7, 0.0, 0.45]",0.0015947060550651681,0.0015743437573691665,0.14242145269038606,True,0.004000000000000001,0.05000010690663714,,True,insertion_trajectory,75,True,/home/wei/code/learning_thousand_tasks/demo_library/rollout_trajectories/insert_grasp_replay_input_insert_20260816_014341.json,513,1383,513,1383,,,,,True,True,True,grasp_complete,,True,True,insertion_replay_complete,,False,True,True,,,9.764229783184671e-05,9.476174345421682e-05,4.088114373512752e-05,dwell_only,1.0010000000000048,,70.65727639198303,1.201526403427124,0.002580881118774414,0.03383231163024902,0.0,49.61771297454834,68.83876276016235,0,29,moveit_wrapper_v1,68.83876276016235,/home/wei/code/learning_thousand_tasks/demo_library/rollout_trajectories/rollout_insert_20260816_014341.json,/home/wei/code/learning_thousand_tasks/demo_library/rollout_trajectories/insert_replay_input_insert_20260816_014341.json,/home/wei/code/learning_thousand_tasks/demo_library/scene_packages/live_insert_trial_insert_20260816_014341_relation.json,,,
